[
{
    "model": "admin.logentry",
    "pk": 1,
    "fields": {
        "action_time": "2024-10-29T17:16:43.426Z",
        "user": 1,
        "content_type": 9,
        "object_id": "1",
        "object_repr": "Tech",
        "action_flag": 1,
        "change_message": "[{\"added\": {}}]"
    }
},
{
    "model": "admin.logentry",
    "pk": 2,
    "fields": {
        "action_time": "2024-10-29T17:16:46.433Z",
        "user": 1,
        "content_type": 9,
        "object_id": "2",
        "object_repr": "Food",
        "action_flag": 1,
        "change_message": "[{\"added\": {}}]"
    }
},
{
    "model": "admin.logentry",
    "pk": 3,
    "fields": {
        "action_time": "2024-10-29T17:16:50.704Z",
        "user": 1,
        "content_type": 9,
        "object_id": "3",
        "object_repr": "Clothing",
        "action_flag": 1,
        "change_message": "[{\"added\": {}}]"
    }
},
{
    "model": "admin.logentry",
    "pk": 4,
    "fields": {
        "action_time": "2024-10-29T17:16:58.928Z",
        "user": 1,
        "content_type": 9,
        "object_id": "4",
        "object_repr": "Art",
        "action_flag": 1,
        "change_message": "[{\"added\": {}}]"
    }
},
{
    "model": "admin.logentry",
    "pk": 5,
    "fields": {
        "action_time": "2024-10-29T17:17:05.561Z",
        "user": 1,
        "content_type": 9,
        "object_id": "5",
        "object_repr": "Hobby",
        "action_flag": 1,
        "change_message": "[{\"added\": {}}]"
    }
},
{
    "model": "admin.logentry",
    "pk": 6,
    "fields": {
        "action_time": "2024-10-29T19:16:14.083Z",
        "user": 1,
        "content_type": 11,
        "object_id": "2",
        "object_repr": "PrePurchase object (2)",
        "action_flag": 3,
        "change_message": ""
    }
},
{
    "model": "admin.logentry",
    "pk": 7,
    "fields": {
        "action_time": "2024-10-29T19:54:38.034Z",
        "user": 1,
        "content_type": 11,
        "object_id": "1",
        "object_repr": "PrePurchase object (1)",
        "action_flag": 3,
        "change_message": ""
    }
},
{
    "model": "admin.logentry",
    "pk": 8,
    "fields": {
        "action_time": "2024-10-29T20:53:18.900Z",
        "user": 1,
        "content_type": 9,
        "object_id": "6",
        "object_repr": "sports",
        "action_flag": 1,
        "change_message": "[{\"added\": {}}]"
    }
},
{
    "model": "admin.logentry",
    "pk": 9,
    "fields": {
        "action_time": "2024-10-29T22:28:48.302Z",
        "user": 1,
        "content_type": 7,
        "object_id": "18",
        "object_repr": "Purchase object (18)",
        "action_flag": 3,
        "change_message": ""
    }
},
{
    "model": "admin.logentry",
    "pk": 10,
    "fields": {
        "action_time": "2024-10-29T22:53:54.819Z",
        "user": 1,
        "content_type": 8,
        "object_id": "13",
        "object_repr": "jet ski",
        "action_flag": 2,
        "change_message": "[{\"changed\": {\"fields\": [\"Categories\"]}}]"
    }
},
{
    "model": "auth.permission",
    "pk": 1,
    "fields": {
        "name": "Can add log entry",
        "content_type": 1,
        "codename": "add_logentry"
    }
},
{
    "model": "auth.permission",
    "pk": 2,
    "fields": {
        "name": "Can change log entry",
        "content_type": 1,
        "codename": "change_logentry"
    }
},
{
    "model": "auth.permission",
    "pk": 3,
    "fields": {
        "name": "Can delete log entry",
        "content_type": 1,
        "codename": "delete_logentry"
    }
},
{
    "model": "auth.permission",
    "pk": 4,
    "fields": {
        "name": "Can view log entry",
        "content_type": 1,
        "codename": "view_logentry"
    }
},
{
    "model": "auth.permission",
    "pk": 5,
    "fields": {
        "name": "Can add permission",
        "content_type": 2,
        "codename": "add_permission"
    }
},
{
    "model": "auth.permission",
    "pk": 6,
    "fields": {
        "name": "Can change permission",
        "content_type": 2,
        "codename": "change_permission"
    }
},
{
    "model": "auth.permission",
    "pk": 7,
    "fields": {
        "name": "Can delete permission",
        "content_type": 2,
        "codename": "delete_permission"
    }
},
{
    "model": "auth.permission",
    "pk": 8,
    "fields": {
        "name": "Can view permission",
        "content_type": 2,
        "codename": "view_permission"
    }
},
{
    "model": "auth.permission",
    "pk": 9,
    "fields": {
        "name": "Can add group",
        "content_type": 3,
        "codename": "add_group"
    }
},
{
    "model": "auth.permission",
    "pk": 10,
    "fields": {
        "name": "Can change group",
        "content_type": 3,
        "codename": "change_group"
    }
},
{
    "model": "auth.permission",
    "pk": 11,
    "fields": {
        "name": "Can delete group",
        "content_type": 3,
        "codename": "delete_group"
    }
},
{
    "model": "auth.permission",
    "pk": 12,
    "fields": {
        "name": "Can view group",
        "content_type": 3,
        "codename": "view_group"
    }
},
{
    "model": "auth.permission",
    "pk": 13,
    "fields": {
        "name": "Can add content type",
        "content_type": 4,
        "codename": "add_contenttype"
    }
},
{
    "model": "auth.permission",
    "pk": 14,
    "fields": {
        "name": "Can change content type",
        "content_type": 4,
        "codename": "change_contenttype"
    }
},
{
    "model": "auth.permission",
    "pk": 15,
    "fields": {
        "name": "Can delete content type",
        "content_type": 4,
        "codename": "delete_contenttype"
    }
},
{
    "model": "auth.permission",
    "pk": 16,
    "fields": {
        "name": "Can view content type",
        "content_type": 4,
        "codename": "view_contenttype"
    }
},
{
    "model": "auth.permission",
    "pk": 17,
    "fields": {
        "name": "Can add session",
        "content_type": 5,
        "codename": "add_session"
    }
},
{
    "model": "auth.permission",
    "pk": 18,
    "fields": {
        "name": "Can change session",
        "content_type": 5,
        "codename": "change_session"
    }
},
{
    "model": "auth.permission",
    "pk": 19,
    "fields": {
        "name": "Can delete session",
        "content_type": 5,
        "codename": "delete_session"
    }
},
{
    "model": "auth.permission",
    "pk": 20,
    "fields": {
        "name": "Can view session",
        "content_type": 5,
        "codename": "view_session"
    }
},
{
    "model": "auth.permission",
    "pk": 21,
    "fields": {
        "name": "Can add user",
        "content_type": 6,
        "codename": "add_user"
    }
},
{
    "model": "auth.permission",
    "pk": 22,
    "fields": {
        "name": "Can change user",
        "content_type": 6,
        "codename": "change_user"
    }
},
{
    "model": "auth.permission",
    "pk": 23,
    "fields": {
        "name": "Can delete user",
        "content_type": 6,
        "codename": "delete_user"
    }
},
{
    "model": "auth.permission",
    "pk": 24,
    "fields": {
        "name": "Can view user",
        "content_type": 6,
        "codename": "view_user"
    }
},
{
    "model": "auth.permission",
    "pk": 25,
    "fields": {
        "name": "Can add purchase",
        "content_type": 7,
        "codename": "add_purchase"
    }
},
{
    "model": "auth.permission",
    "pk": 26,
    "fields": {
        "name": "Can change purchase",
        "content_type": 7,
        "codename": "change_purchase"
    }
},
{
    "model": "auth.permission",
    "pk": 27,
    "fields": {
        "name": "Can delete purchase",
        "content_type": 7,
        "codename": "delete_purchase"
    }
},
{
    "model": "auth.permission",
    "pk": 28,
    "fields": {
        "name": "Can view purchase",
        "content_type": 7,
        "codename": "view_purchase"
    }
},
{
    "model": "auth.permission",
    "pk": 29,
    "fields": {
        "name": "Can add product",
        "content_type": 8,
        "codename": "add_product"
    }
},
{
    "model": "auth.permission",
    "pk": 30,
    "fields": {
        "name": "Can change product",
        "content_type": 8,
        "codename": "change_product"
    }
},
{
    "model": "auth.permission",
    "pk": 31,
    "fields": {
        "name": "Can delete product",
        "content_type": 8,
        "codename": "delete_product"
    }
},
{
    "model": "auth.permission",
    "pk": 32,
    "fields": {
        "name": "Can view product",
        "content_type": 8,
        "codename": "view_product"
    }
},
{
    "model": "auth.permission",
    "pk": 33,
    "fields": {
        "name": "Can add product categories",
        "content_type": 9,
        "codename": "add_productcategories"
    }
},
{
    "model": "auth.permission",
    "pk": 34,
    "fields": {
        "name": "Can change product categories",
        "content_type": 9,
        "codename": "change_productcategories"
    }
},
{
    "model": "auth.permission",
    "pk": 35,
    "fields": {
        "name": "Can delete product categories",
        "content_type": 9,
        "codename": "delete_productcategories"
    }
},
{
    "model": "auth.permission",
    "pk": 36,
    "fields": {
        "name": "Can view product categories",
        "content_type": 9,
        "codename": "view_productcategories"
    }
},
{
    "model": "auth.permission",
    "pk": 37,
    "fields": {
        "name": "Can add shopping cart",
        "content_type": 10,
        "codename": "add_shoppingcart"
    }
},
{
    "model": "auth.permission",
    "pk": 38,
    "fields": {
        "name": "Can change shopping cart",
        "content_type": 10,
        "codename": "change_shoppingcart"
    }
},
{
    "model": "auth.permission",
    "pk": 39,
    "fields": {
        "name": "Can delete shopping cart",
        "content_type": 10,
        "codename": "delete_shoppingcart"
    }
},
{
    "model": "auth.permission",
    "pk": 40,
    "fields": {
        "name": "Can view shopping cart",
        "content_type": 10,
        "codename": "view_shoppingcart"
    }
},
{
    "model": "auth.permission",
    "pk": 41,
    "fields": {
        "name": "Can add pre purchase",
        "content_type": 11,
        "codename": "add_prepurchase"
    }
},
{
    "model": "auth.permission",
    "pk": 42,
    "fields": {
        "name": "Can change pre purchase",
        "content_type": 11,
        "codename": "change_prepurchase"
    }
},
{
    "model": "auth.permission",
    "pk": 43,
    "fields": {
        "name": "Can delete pre purchase",
        "content_type": 11,
        "codename": "delete_prepurchase"
    }
},
{
    "model": "auth.permission",
    "pk": 44,
    "fields": {
        "name": "Can view pre purchase",
        "content_type": 11,
        "codename": "view_prepurchase"
    }
},
{
    "model": "auth.permission",
    "pk": 45,
    "fields": {
        "name": "Can add task result",
        "content_type": 12,
        "codename": "add_taskresult"
    }
},
{
    "model": "auth.permission",
    "pk": 46,
    "fields": {
        "name": "Can change task result",
        "content_type": 12,
        "codename": "change_taskresult"
    }
},
{
    "model": "auth.permission",
    "pk": 47,
    "fields": {
        "name": "Can delete task result",
        "content_type": 12,
        "codename": "delete_taskresult"
    }
},
{
    "model": "auth.permission",
    "pk": 48,
    "fields": {
        "name": "Can view task result",
        "content_type": 12,
        "codename": "view_taskresult"
    }
},
{
    "model": "auth.permission",
    "pk": 49,
    "fields": {
        "name": "Can add chord counter",
        "content_type": 13,
        "codename": "add_chordcounter"
    }
},
{
    "model": "auth.permission",
    "pk": 50,
    "fields": {
        "name": "Can change chord counter",
        "content_type": 13,
        "codename": "change_chordcounter"
    }
},
{
    "model": "auth.permission",
    "pk": 51,
    "fields": {
        "name": "Can delete chord counter",
        "content_type": 13,
        "codename": "delete_chordcounter"
    }
},
{
    "model": "auth.permission",
    "pk": 52,
    "fields": {
        "name": "Can view chord counter",
        "content_type": 13,
        "codename": "view_chordcounter"
    }
},
{
    "model": "auth.permission",
    "pk": 53,
    "fields": {
        "name": "Can add group result",
        "content_type": 14,
        "codename": "add_groupresult"
    }
},
{
    "model": "auth.permission",
    "pk": 54,
    "fields": {
        "name": "Can change group result",
        "content_type": 14,
        "codename": "change_groupresult"
    }
},
{
    "model": "auth.permission",
    "pk": 55,
    "fields": {
        "name": "Can delete group result",
        "content_type": 14,
        "codename": "delete_groupresult"
    }
},
{
    "model": "auth.permission",
    "pk": 56,
    "fields": {
        "name": "Can view group result",
        "content_type": 14,
        "codename": "view_groupresult"
    }
},
{
    "model": "sessions.session",
    "pk": "7hpuz314jruksq751qb16knlhj0o3buw",
    "fields": {
        "session_data": ".eJxVjEEOwiAQRe_C2hCmBQGX7nsGMgODVA0kpV0Z765NutDtf-_9lwi4rSVsnZcwJ3ERIE6_G2F8cN1BumO9NRlbXZeZ5K7Ig3Y5tcTP6-H-HRTs5VvnEck6yhFc9ASZQWtmZ9TglI7W5zN7AzAia8gQFVj0RMngYLU3FsT7A_VlN9M:1t6FGn:C_1Pf3U0_pVkxHZSSZEUBKWZMeG3csrwD6RbF_DOiLk",
        "expire_date": "2024-11-13T20:26:21.391Z"
    }
},
{
    "model": "django_celery_results.taskresult",
    "pk": 30,
    "fields": {
        "task_id": "982ceb34-922d-4de8-8a6a-f53c753b795b",
        "periodic_task_name": null,
        "task_name": null,
        "task_args": null,
        "task_kwargs": null,
        "status": "SUCCESS",
        "worker": null,
        "content_type": "application/json",
        "content_encoding": "utf-8",
        "result": "\"reports/stock_report.xlsx\"",
        "date_created": "2024-10-30T15:47:15.020Z",
        "date_done": "2024-10-30T15:47:15.020Z",
        "traceback": null,
        "meta": "{\"children\": []}"
    }
},
{
    "model": "django_celery_results.taskresult",
    "pk": 31,
    "fields": {
        "task_id": "263fc2b9-1a79-45d5-a1de-f3ca4147e76d",
        "periodic_task_name": null,
        "task_name": null,
        "task_args": null,
        "task_kwargs": null,
        "status": "SUCCESS",
        "worker": null,
        "content_type": "application/json",
        "content_encoding": "utf-8",
        "result": "\"reports/stock_report.xlsx\"",
        "date_created": "2024-10-30T15:47:32.269Z",
        "date_done": "2024-10-30T15:47:32.269Z",
        "traceback": null,
        "meta": "{\"children\": []}"
    }
},
{
    "model": "django_celery_results.taskresult",
    "pk": 32,
    "fields": {
        "task_id": "8f28d581-e112-421d-b3e5-3cd5a0dfe490",
        "periodic_task_name": null,
        "task_name": null,
        "task_args": null,
        "task_kwargs": null,
        "status": "SUCCESS",
        "worker": null,
        "content_type": "application/json",
        "content_encoding": "utf-8",
        "result": "\"reports/stock_report.xlsx\"",
        "date_created": "2024-10-30T15:49:06.580Z",
        "date_done": "2024-10-30T15:49:06.580Z",
        "traceback": null,
        "meta": "{\"children\": []}"
    }
},
{
    "model": "django_celery_results.taskresult",
    "pk": 33,
    "fields": {
        "task_id": "4e15b034-1a41-422f-ad69-31350f00e9c5",
        "periodic_task_name": null,
        "task_name": null,
        "task_args": null,
        "task_kwargs": null,
        "status": "SUCCESS",
        "worker": null,
        "content_type": "application/json",
        "content_encoding": "utf-8",
        "result": "\"reports/stock_report.xlsx\"",
        "date_created": "2024-10-30T15:49:36.744Z",
        "date_done": "2024-10-30T15:49:36.744Z",
        "traceback": null,
        "meta": "{\"children\": []}"
    }
},
{
    "model": "django_celery_results.taskresult",
    "pk": 34,
    "fields": {
        "task_id": "3aca0396-805a-4bff-a1da-6e6994c2655b",
        "periodic_task_name": null,
        "task_name": null,
        "task_args": null,
        "task_kwargs": null,
        "status": "SUCCESS",
        "worker": null,
        "content_type": "application/json",
        "content_encoding": "utf-8",
        "result": "\"reports/stock_report.xlsx\"",
        "date_created": "2024-10-30T15:51:51.618Z",
        "date_done": "2024-10-30T15:51:51.618Z",
        "traceback": null,
        "meta": "{\"children\": []}"
    }
},
{
    "model": "django_celery_results.taskresult",
    "pk": 35,
    "fields": {
        "task_id": "a59ad8a2-99bf-46c3-8aca-76c1649ff1dc",
        "periodic_task_name": null,
        "task_name": null,
        "task_args": null,
        "task_kwargs": null,
        "status": "SUCCESS",
        "worker": null,
        "content_type": "application/json",
        "content_encoding": "utf-8",
        "result": "\"reports/stock_report.xlsx\"",
        "date_created": "2024-10-30T15:53:16.604Z",
        "date_done": "2024-10-30T15:53:16.604Z",
        "traceback": null,
        "meta": "{\"children\": []}"
    }
},
{
    "model": "django_celery_results.taskresult",
    "pk": 36,
    "fields": {
        "task_id": "3906b783-9fa8-4524-b9ec-294188573a9a",
        "periodic_task_name": null,
        "task_name": null,
        "task_args": null,
        "task_kwargs": null,
        "status": "SUCCESS",
        "worker": null,
        "content_type": "application/json",
        "content_encoding": "utf-8",
        "result": "\"reports/stock_report.xlsx\"",
        "date_created": "2024-10-30T15:56:55.345Z",
        "date_done": "2024-10-30T15:56:55.346Z",
        "traceback": null,
        "meta": "{\"children\": []}"
    }
},
{
    "model": "django_celery_results.taskresult",
    "pk": 37,
    "fields": {
        "task_id": "28ea4f38-b72c-4f46-b30b-13c77a3d5a1b",
        "periodic_task_name": null,
        "task_name": null,
        "task_args": null,
        "task_kwargs": null,
        "status": "SUCCESS",
        "worker": null,
        "content_type": "application/json",
        "content_encoding": "utf-8",
        "result": "\"reports/stock_report.xlsx\"",
        "date_created": "2024-10-30T15:57:59.630Z",
        "date_done": "2024-10-30T15:57:59.630Z",
        "traceback": null,
        "meta": "{\"children\": []}"
    }
},
{
    "model": "django_celery_results.taskresult",
    "pk": 38,
    "fields": {
        "task_id": "c29039de-3967-45b5-9674-702b71bc3548",
        "periodic_task_name": null,
        "task_name": null,
        "task_args": null,
        "task_kwargs": null,
        "status": "SUCCESS",
        "worker": null,
        "content_type": "application/json",
        "content_encoding": "utf-8",
        "result": "\"reports/stock_report.xlsx\"",
        "date_created": "2024-10-30T15:59:00.525Z",
        "date_done": "2024-10-30T15:59:00.525Z",
        "traceback": null,
        "meta": "{\"children\": []}"
    }
},
{
    "model": "django_celery_results.taskresult",
    "pk": 39,
    "fields": {
        "task_id": "db4e9438-7918-4313-8a4a-ca19ce357582",
        "periodic_task_name": null,
        "task_name": null,
        "task_args": null,
        "task_kwargs": null,
        "status": "SUCCESS",
        "worker": null,
        "content_type": "application/json",
        "content_encoding": "utf-8",
        "result": "\"reports/stock_report.xlsx\"",
        "date_created": "2024-10-30T16:05:00.883Z",
        "date_done": "2024-10-30T16:05:00.883Z",
        "traceback": null,
        "meta": "{\"children\": []}"
    }
},
{
    "model": "django_celery_results.taskresult",
    "pk": 40,
    "fields": {
        "task_id": "82f16a8a-6f52-4d53-8bc6-52cc58ed7a5a",
        "periodic_task_name": null,
        "task_name": null,
        "task_args": null,
        "task_kwargs": null,
        "status": "SUCCESS",
        "worker": null,
        "content_type": "application/json",
        "content_encoding": "utf-8",
        "result": "\"reports/stock_report.xlsx\"",
        "date_created": "2024-10-30T16:05:26.027Z",
        "date_done": "2024-10-30T16:05:26.028Z",
        "traceback": null,
        "meta": "{\"children\": []}"
    }
},
{
    "model": "django_celery_results.taskresult",
    "pk": 41,
    "fields": {
        "task_id": "aa412abc-8b41-48bb-8fe1-5d9d666dc5f8",
        "periodic_task_name": null,
        "task_name": null,
        "task_args": null,
        "task_kwargs": null,
        "status": "SUCCESS",
        "worker": null,
        "content_type": "application/json",
        "content_encoding": "utf-8",
        "result": "\"reports/stock_report.xlsx\"",
        "date_created": "2024-10-30T16:08:30.974Z",
        "date_done": "2024-10-30T16:08:30.974Z",
        "traceback": null,
        "meta": "{\"children\": []}"
    }
},
{
    "model": "django_celery_results.taskresult",
    "pk": 42,
    "fields": {
        "task_id": "4b68e170-81a8-4cf1-924c-0a619ae128d9",
        "periodic_task_name": null,
        "task_name": null,
        "task_args": null,
        "task_kwargs": null,
        "status": "SUCCESS",
        "worker": null,
        "content_type": "application/json",
        "content_encoding": "utf-8",
        "result": "\"reports/stock_report.xlsx\"",
        "date_created": "2024-10-30T16:09:00.580Z",
        "date_done": "2024-10-30T16:09:00.580Z",
        "traceback": null,
        "meta": "{\"children\": []}"
    }
},
{
    "model": "django_celery_results.taskresult",
    "pk": 43,
    "fields": {
        "task_id": "08de1f8f-b7ef-4d13-af37-b0b8db846f22",
        "periodic_task_name": null,
        "task_name": null,
        "task_args": null,
        "task_kwargs": null,
        "status": "SUCCESS",
        "worker": null,
        "content_type": "application/json",
        "content_encoding": "utf-8",
        "result": "\"reports/stock_report.xlsx\"",
        "date_created": "2024-10-30T16:11:44.211Z",
        "date_done": "2024-10-30T16:11:44.211Z",
        "traceback": null,
        "meta": "{\"children\": []}"
    }
},
{
    "model": "django_celery_results.taskresult",
    "pk": 44,
    "fields": {
        "task_id": "382792b2-1f7a-47c9-a81e-3359e918750c",
        "periodic_task_name": null,
        "task_name": null,
        "task_args": null,
        "task_kwargs": null,
        "status": "SUCCESS",
        "worker": null,
        "content_type": "application/json",
        "content_encoding": "utf-8",
        "result": "\"reports/stock_report.xlsx\"",
        "date_created": "2024-10-30T16:12:40.525Z",
        "date_done": "2024-10-30T16:12:40.525Z",
        "traceback": null,
        "meta": "{\"children\": []}"
    }
},
{
    "model": "django_celery_results.taskresult",
    "pk": 45,
    "fields": {
        "task_id": "3a3bf28b-d2f8-4fef-a76e-6d6fff60d5b4",
        "periodic_task_name": null,
        "task_name": null,
        "task_args": null,
        "task_kwargs": null,
        "status": "SUCCESS",
        "worker": null,
        "content_type": "application/json",
        "content_encoding": "utf-8",
        "result": "\"reports/stock_report.xlsx\"",
        "date_created": "2024-10-30T16:21:59.220Z",
        "date_done": "2024-10-30T16:21:59.220Z",
        "traceback": null,
        "meta": "{\"children\": []}"
    }
},
{
    "model": "django_celery_results.taskresult",
    "pk": 46,
    "fields": {
        "task_id": "be07af76-22be-42c0-8c15-e9df6b0c648b",
        "periodic_task_name": null,
        "task_name": null,
        "task_args": null,
        "task_kwargs": null,
        "status": "SUCCESS",
        "worker": null,
        "content_type": "application/json",
        "content_encoding": "utf-8",
        "result": "\"reports/popularity_report.xlsx\"",
        "date_created": "2024-10-30T16:22:04.530Z",
        "date_done": "2024-10-30T16:22:04.530Z",
        "traceback": null,
        "meta": "{\"children\": []}"
    }
},
{
    "model": "django_celery_results.taskresult",
    "pk": 47,
    "fields": {
        "task_id": "06e2a4f0-5ee9-44da-bbfd-4180f2698bc8",
        "periodic_task_name": null,
        "task_name": null,
        "task_args": null,
        "task_kwargs": null,
        "status": "SUCCESS",
        "worker": null,
        "content_type": "application/json",
        "content_encoding": "utf-8",
        "result": "\"reports/stock_report.xlsx\"",
        "date_created": "2024-10-30T16:23:31.188Z",
        "date_done": "2024-10-30T16:23:31.188Z",
        "traceback": null,
        "meta": "{\"children\": []}"
    }
},
{
    "model": "django_celery_results.taskresult",
    "pk": 48,
    "fields": {
        "task_id": "e4693474-fa4e-4115-b5ce-7a93c506c4e0",
        "periodic_task_name": null,
        "task_name": null,
        "task_args": null,
        "task_kwargs": null,
        "status": "SUCCESS",
        "worker": null,
        "content_type": "application/json",
        "content_encoding": "utf-8",
        "result": "\"reports/stock_report.xlsx\"",
        "date_created": "2024-10-30T16:23:58.376Z",
        "date_done": "2024-10-30T16:23:58.376Z",
        "traceback": null,
        "meta": "{\"children\": []}"
    }
},
{
    "model": "django_celery_results.taskresult",
    "pk": 49,
    "fields": {
        "task_id": "9ffc12a6-abb8-44f5-9752-1857e1ef11fc",
        "periodic_task_name": null,
        "task_name": null,
        "task_args": null,
        "task_kwargs": null,
        "status": "FAILURE",
        "worker": null,
        "content_type": "application/json",
        "content_encoding": "utf-8",
        "result": "{\"exc_type\": \"AttributeError\", \"exc_message\": [\"module 'pandas' has no attribute 'Sum'\"], \"exc_module\": \"builtins\"}",
        "date_created": "2024-10-30T16:26:32.074Z",
        "date_done": "2024-10-30T16:26:32.074Z",
        "traceback": null,
        "meta": "{\"children\": []}"
    }
},
{
    "model": "django_celery_results.taskresult",
    "pk": 50,
    "fields": {
        "task_id": "3441acd4-7f92-408d-ba81-bff3c68cf3b3",
        "periodic_task_name": null,
        "task_name": null,
        "task_args": null,
        "task_kwargs": null,
        "status": "FAILURE",
        "worker": null,
        "content_type": "application/json",
        "content_encoding": "utf-8",
        "result": "{\"exc_type\": \"AttributeError\", \"exc_message\": [\"module 'pandas' has no attribute 'Sum'\"], \"exc_module\": \"builtins\"}",
        "date_created": "2024-10-30T16:27:26.784Z",
        "date_done": "2024-10-30T16:27:26.784Z",
        "traceback": null,
        "meta": "{\"children\": []}"
    }
},
{
    "model": "django_celery_results.taskresult",
    "pk": 51,
    "fields": {
        "task_id": "fbeae329-1fe9-464d-889c-2bdc9332dd2a",
        "periodic_task_name": null,
        "task_name": null,
        "task_args": null,
        "task_kwargs": null,
        "status": "SUCCESS",
        "worker": null,
        "content_type": "application/json",
        "content_encoding": "utf-8",
        "result": "\"reports/category_report.xlsx\"",
        "date_created": "2024-10-30T16:28:17.703Z",
        "date_done": "2024-10-30T16:28:17.703Z",
        "traceback": null,
        "meta": "{\"children\": []}"
    }
},
{
    "model": "django_celery_results.taskresult",
    "pk": 52,
    "fields": {
        "task_id": "0ad1f331-76c0-4c7e-b4fb-a79e2a946e99",
        "periodic_task_name": null,
        "task_name": null,
        "task_args": null,
        "task_kwargs": null,
        "status": "SUCCESS",
        "worker": null,
        "content_type": "application/json",
        "content_encoding": "utf-8",
        "result": "\"reports/popularity_report.xlsx\"",
        "date_created": "2024-10-30T16:29:46.286Z",
        "date_done": "2024-10-30T16:29:46.286Z",
        "traceback": null,
        "meta": "{\"children\": []}"
    }
},
{
    "model": "django_celery_results.taskresult",
    "pk": 53,
    "fields": {
        "task_id": "17082c3c-3c37-47b4-9a12-3ee784e56abc",
        "periodic_task_name": null,
        "task_name": null,
        "task_args": null,
        "task_kwargs": null,
        "status": "SUCCESS",
        "worker": null,
        "content_type": "application/json",
        "content_encoding": "utf-8",
        "result": "\"reports/stock_report.xlsx\"",
        "date_created": "2024-10-30T16:34:30.820Z",
        "date_done": "2024-10-30T16:34:30.820Z",
        "traceback": null,
        "meta": "{\"children\": []}"
    }
},
{
    "model": "django_celery_results.taskresult",
    "pk": 54,
    "fields": {
        "task_id": "b5087c95-c752-4e6c-9ac3-1cf4caf98d16",
        "periodic_task_name": null,
        "task_name": null,
        "task_args": null,
        "task_kwargs": null,
        "status": "SUCCESS",
        "worker": null,
        "content_type": "application/json",
        "content_encoding": "utf-8",
        "result": "\"reports/stock_report.xlsx\"",
        "date_created": "2024-10-30T16:48:34.315Z",
        "date_done": "2024-10-30T16:48:34.315Z",
        "traceback": null,
        "meta": "{\"children\": []}"
    }
},
{
    "model": "django_celery_results.taskresult",
    "pk": 55,
    "fields": {
        "task_id": "677c4ad2-78f2-4ac6-a03f-fbedf4825817",
        "periodic_task_name": null,
        "task_name": null,
        "task_args": null,
        "task_kwargs": null,
        "status": "SUCCESS",
        "worker": null,
        "content_type": "application/json",
        "content_encoding": "utf-8",
        "result": "\"reports/popularity_report.xlsx\"",
        "date_created": "2024-10-30T16:49:02.441Z",
        "date_done": "2024-10-30T16:49:02.441Z",
        "traceback": null,
        "meta": "{\"children\": []}"
    }
},
{
    "model": "django_celery_results.taskresult",
    "pk": 56,
    "fields": {
        "task_id": "588a0dad-b388-4260-9819-fd7a390ee5e8",
        "periodic_task_name": null,
        "task_name": null,
        "task_args": null,
        "task_kwargs": null,
        "status": "SUCCESS",
        "worker": null,
        "content_type": "application/json",
        "content_encoding": "utf-8",
        "result": "\"reports/popularity_report.xlsx\"",
        "date_created": "2024-10-30T16:49:52.884Z",
        "date_done": "2024-10-30T16:49:52.884Z",
        "traceback": null,
        "meta": "{\"children\": []}"
    }
},
{
    "model": "django_celery_results.taskresult",
    "pk": 57,
    "fields": {
        "task_id": "f6d644b7-4553-42f7-a1e7-ea783c3afea9",
        "periodic_task_name": null,
        "task_name": null,
        "task_args": null,
        "task_kwargs": null,
        "status": "SUCCESS",
        "worker": null,
        "content_type": "application/json",
        "content_encoding": "utf-8",
        "result": "\"reports/category_report.xlsx\"",
        "date_created": "2024-10-30T16:56:54.798Z",
        "date_done": "2024-10-30T16:56:54.798Z",
        "traceback": null,
        "meta": "{\"children\": []}"
    }
},
{
    "model": "django_celery_results.taskresult",
    "pk": 58,
    "fields": {
        "task_id": "5039254b-7082-4f1d-90c5-1a495be00e85",
        "periodic_task_name": null,
        "task_name": null,
        "task_args": null,
        "task_kwargs": null,
        "status": "SUCCESS",
        "worker": null,
        "content_type": "application/json",
        "content_encoding": "utf-8",
        "result": "\"reports/category_report.xlsx\"",
        "date_created": "2024-10-30T16:58:17.640Z",
        "date_done": "2024-10-30T16:58:17.640Z",
        "traceback": null,
        "meta": "{\"children\": []}"
    }
},
{
    "model": "django_celery_results.taskresult",
    "pk": 59,
    "fields": {
        "task_id": "43805394-2bf5-4982-a628-efda885d3158",
        "periodic_task_name": null,
        "task_name": null,
        "task_args": null,
        "task_kwargs": null,
        "status": "SUCCESS",
        "worker": null,
        "content_type": "application/json",
        "content_encoding": "utf-8",
        "result": "\"reports/category_report.xlsx\"",
        "date_created": "2024-10-30T17:00:05.772Z",
        "date_done": "2024-10-30T17:00:05.772Z",
        "traceback": null,
        "meta": "{\"children\": []}"
    }
},
{
    "model": "django_celery_results.taskresult",
    "pk": 60,
    "fields": {
        "task_id": "5f62434e-7d35-477f-a20d-596832df3ce0",
        "periodic_task_name": null,
        "task_name": null,
        "task_args": null,
        "task_kwargs": null,
        "status": "SUCCESS",
        "worker": null,
        "content_type": "application/json",
        "content_encoding": "utf-8",
        "result": "\"reports/category_report.xlsx\"",
        "date_created": "2024-10-30T17:03:17.679Z",
        "date_done": "2024-10-30T17:03:17.680Z",
        "traceback": null,
        "meta": "{\"children\": []}"
    }
},
{
    "model": "django_celery_results.taskresult",
    "pk": 61,
    "fields": {
        "task_id": "638805ca-27b2-4428-9905-ebed6fe45e47",
        "periodic_task_name": null,
        "task_name": null,
        "task_args": null,
        "task_kwargs": null,
        "status": "SUCCESS",
        "worker": null,
        "content_type": "application/json",
        "content_encoding": "utf-8",
        "result": "\"reports/stock_report.xlsx\"",
        "date_created": "2024-10-30T17:03:28.194Z",
        "date_done": "2024-10-30T17:03:28.194Z",
        "traceback": null,
        "meta": "{\"children\": []}"
    }
},
{
    "model": "django_celery_results.taskresult",
    "pk": 62,
    "fields": {
        "task_id": "8af23e1e-dff5-4b58-b665-6e6caa992c32",
        "periodic_task_name": null,
        "task_name": null,
        "task_args": null,
        "task_kwargs": null,
        "status": "SUCCESS",
        "worker": null,
        "content_type": "application/json",
        "content_encoding": "utf-8",
        "result": "\"reports/category_report.xlsx\"",
        "date_created": "2024-10-30T17:03:34.362Z",
        "date_done": "2024-10-30T17:03:34.362Z",
        "traceback": null,
        "meta": "{\"children\": []}"
    }
},
{
    "model": "django_celery_results.taskresult",
    "pk": 63,
    "fields": {
        "task_id": "a8db9416-18ef-4190-b968-6e859cd75b4a",
        "periodic_task_name": null,
        "task_name": null,
        "task_args": null,
        "task_kwargs": null,
        "status": "SUCCESS",
        "worker": null,
        "content_type": "application/json",
        "content_encoding": "utf-8",
        "result": "\"reports/category_report.xlsx\"",
        "date_created": "2024-10-30T17:33:27.981Z",
        "date_done": "2024-10-30T17:33:27.981Z",
        "traceback": null,
        "meta": "{\"children\": []}"
    }
},
{
    "model": "django_celery_results.taskresult",
    "pk": 64,
    "fields": {
        "task_id": "2ceffdfa-b817-4f09-831a-e05019fcd66e",
        "periodic_task_name": null,
        "task_name": null,
        "task_args": null,
        "task_kwargs": null,
        "status": "SUCCESS",
        "worker": null,
        "content_type": "application/json",
        "content_encoding": "utf-8",
        "result": "\"reports/stock_report.xlsx\"",
        "date_created": "2024-10-30T17:52:53.688Z",
        "date_done": "2024-10-30T17:52:53.688Z",
        "traceback": null,
        "meta": "{\"children\": []}"
    }
},
{
    "model": "django_celery_results.taskresult",
    "pk": 65,
    "fields": {
        "task_id": "5f880d77-f8ba-4866-ac0d-cd5a2341cbe3",
        "periodic_task_name": null,
        "task_name": null,
        "task_args": null,
        "task_kwargs": null,
        "status": "SUCCESS",
        "worker": null,
        "content_type": "application/json",
        "content_encoding": "utf-8",
        "result": "\"reports/stock_report.xlsx\"",
        "date_created": "2024-10-30T19:06:20.183Z",
        "date_done": "2024-10-30T19:06:20.183Z",
        "traceback": null,
        "meta": "{\"children\": []}"
    }
},
{
    "model": "users.user",
    "pk": 1,
    "fields": {
        "password": "pbkdf2_sha256$600000$R7KqJMCUOPi9tGVot6dz1u$gUjDLQAn15PTLG8kXBNQIkT4YCZDgmIG568ENkfOI0M=",
        "last_login": "2024-10-30T20:26:21.381Z",
        "is_superuser": true,
        "username": "zulzi_admin",
        "first_name": "",
        "last_name": "",
        "email": "zulzi@example.com",
        "is_staff": true,
        "is_active": true,
        "date_joined": "2024-10-29T17:09:30.075Z",
        "groups": [],
        "user_permissions": []
    }
},
{
    "model": "users.user",
    "pk": 2,
    "fields": {
        "password": "pbkdf2_sha256$600000$aOsV5tLq8w1TVulwEBdFQi$aKh9frI9UN95l1/2fP/mHj1kUzz/aMVDW6GzLw7cZ9g=",
        "last_login": "2024-10-30T17:56:29.040Z",
        "is_superuser": false,
        "username": "Robin",
        "first_name": "",
        "last_name": "",
        "email": "robin@example.com",
        "is_staff": false,
        "is_active": true,
        "date_joined": "2024-10-30T17:56:28.811Z",
        "groups": [],
        "user_permissions": []
    }
},
{
    "model": "purchasing.purchase",
    "pk": 4,
    "fields": {
        "customer": 1,
        "product": 4,
        "quantity": 11,
        "date": "2024-10-29T20:48:03.111Z"
    }
},
{
    "model": "purchasing.purchase",
    "pk": 11,
    "fields": {
        "customer": 1,
        "product": 13,
        "quantity": 1,
        "date": "2024-10-29T21:23:35.852Z"
    }
},
{
    "model": "purchasing.purchase",
    "pk": 12,
    "fields": {
        "customer": 1,
        "product": 8,
        "quantity": 2,
        "date": "2024-10-29T21:23:35.852Z"
    }
},
{
    "model": "purchasing.purchase",
    "pk": 13,
    "fields": {
        "customer": 1,
        "product": 14,
        "quantity": 3,
        "date": "2024-10-29T21:23:35.852Z"
    }
},
{
    "model": "purchasing.purchase",
    "pk": 17,
    "fields": {
        "customer": 1,
        "product": 4,
        "quantity": 1,
        "date": "2024-10-29T21:41:36.865Z"
    }
},
{
    "model": "purchasing.purchase",
    "pk": 26,
    "fields": {
        "customer": 1,
        "product": 8,
        "quantity": 5,
        "date": "2024-10-30T16:32:03.339Z"
    }
},
{
    "model": "purchasing.purchase",
    "pk": 27,
    "fields": {
        "customer": 1,
        "product": 6,
        "quantity": 4,
        "date": "2024-10-30T16:32:03.340Z"
    }
},
{
    "model": "purchasing.purchase",
    "pk": 34,
    "fields": {
        "customer": 1,
        "product": 7,
        "quantity": 1,
        "date": "2024-10-30T16:48:10.991Z"
    }
},
{
    "model": "purchasing.purchase",
    "pk": 35,
    "fields": {
        "customer": 1,
        "product": 12,
        "quantity": 1,
        "date": "2024-10-30T16:48:10.991Z"
    }
},
{
    "model": "purchasing.purchase",
    "pk": 36,
    "fields": {
        "customer": 1,
        "product": 15,
        "quantity": 1,
        "date": "2024-10-30T16:48:10.992Z"
    }
},
{
    "model": "purchasing.purchase",
    "pk": 37,
    "fields": {
        "customer": 1,
        "product": 6,
        "quantity": 1,
        "date": "2024-10-30T16:48:10.992Z"
    }
},
{
    "model": "purchasing.purchase",
    "pk": 38,
    "fields": {
        "customer": 1,
        "product": 4,
        "quantity": 1,
        "date": "2024-10-30T16:48:10.992Z"
    }
},
{
    "model": "purchasing.purchase",
    "pk": 39,
    "fields": {
        "customer": 1,
        "product": 1,
        "quantity": 1,
        "date": "2024-10-30T16:48:10.993Z"
    }
},
{
    "model": "purchasing.purchase",
    "pk": 41,
    "fields": {
        "customer": 1,
        "product": 8,
        "quantity": 1,
        "date": "2024-10-30T16:49:48.998Z"
    }
},
{
    "model": "purchasing.purchase",
    "pk": 43,
    "fields": {
        "customer": 1,
        "product": 8,
        "quantity": 2,
        "date": "2024-10-30T17:53:36.758Z"
    }
},
{
    "model": "purchasing.purchase",
    "pk": 48,
    "fields": {
        "customer": 1,
        "product": 14,
        "quantity": 80,
        "date": "2024-10-30T19:06:08.359Z"
    }
},
{
    "model": "purchasing.purchase",
    "pk": 49,
    "fields": {
        "customer": 1,
        "product": 11,
        "quantity": 4,
        "date": "2024-10-30T19:06:08.359Z"
    }
},
{
    "model": "purchasing.shoppingcart",
    "pk": 10,
    "fields": {
        "customer": 2
    }
},
{
    "model": "purchasing.shoppingcart",
    "pk": 11,
    "fields": {
        "customer": 1
    }
},
{
    "model": "inventory.productcategories",
    "pk": 1,
    "fields": {
        "name": "Tech"
    }
},
{
    "model": "inventory.productcategories",
    "pk": 2,
    "fields": {
        "name": "Food"
    }
},
{
    "model": "inventory.productcategories",
    "pk": 3,
    "fields": {
        "name": "Clothing"
    }
},
{
    "model": "inventory.productcategories",
    "pk": 4,
    "fields": {
        "name": "Art"
    }
},
{
    "model": "inventory.productcategories",
    "pk": 5,
    "fields": {
        "name": "Hobby"
    }
},
{
    "model": "inventory.productcategories",
    "pk": 6,
    "fields": {
        "name": "sports"
    }
},
{
    "model": "inventory.product",
    "pk": 1,
    "fields": {
        "product_id": "keyboard",
        "name": "keyboard",
        "price": "125.00",
        "quantity": 30,
        "popularity_score": 1,
        "created_at": "2024-10-29T17:18:48.062Z",
        "categories": [
            1,
            5
        ]
    }
},
{
    "model": "inventory.product",
    "pk": 4,
    "fields": {
        "product_id": "Apple",
        "name": "Apple",
        "price": "2.00",
        "quantity": 8,
        "popularity_score": 1,
        "created_at": "2024-10-29T17:28:01.610Z",
        "categories": [
            2
        ]
    }
},
{
    "model": "inventory.product",
    "pk": 5,
    "fields": {
        "product_id": "usb",
        "name": "usb",
        "price": "25.00",
        "quantity": 23,
        "popularity_score": 0,
        "created_at": "2024-10-29T17:44:37.054Z",
        "categories": [
            1
        ]
    }
},
{
    "model": "inventory.product",
    "pk": 6,
    "fields": {
        "product_id": "jacket",
        "name": "rock-climbing jacket",
        "price": "20.00",
        "quantity": 20,
        "popularity_score": 5,
        "created_at": "2024-10-29T18:03:43.237Z",
        "categories": [
            3,
            5,
            6
        ]
    }
},
{
    "model": "inventory.product",
    "pk": 7,
    "fields": {
        "product_id": "Guitar",
        "name": "Guitar",
        "price": "10.00",
        "quantity": 1,
        "popularity_score": 1,
        "created_at": "2024-10-29T18:04:09.462Z",
        "categories": [
            4,
            5
        ]
    }
},
{
    "model": "inventory.product",
    "pk": 8,
    "fields": {
        "product_id": "earphones",
        "name": "earphones2",
        "price": "43.00",
        "quantity": 0,
        "popularity_score": 8,
        "created_at": "2024-10-29T20:51:08.348Z",
        "categories": [
            1,
            4,
            5
        ]
    }
},
{
    "model": "inventory.product",
    "pk": 9,
    "fields": {
        "product_id": "banana",
        "name": "banana",
        "price": "3.00",
        "quantity": 9,
        "popularity_score": 0,
        "created_at": "2024-10-29T20:51:27.125Z",
        "categories": [
            2
        ]
    }
},
{
    "model": "inventory.product",
    "pk": 10,
    "fields": {
        "product_id": "5WXoMhD4h9",
        "name": "running shoes",
        "price": "36.00",
        "quantity": 10,
        "popularity_score": 0,
        "created_at": "2024-10-29T20:51:45.555Z",
        "categories": [
            3,
            5
        ]
    }
},
{
    "model": "inventory.product",
    "pk": 11,
    "fields": {
        "product_id": "soccer_bal",
        "name": "soccer ball",
        "price": "15.00",
        "quantity": 41,
        "popularity_score": 4,
        "created_at": "2024-10-29T20:52:17.599Z",
        "categories": [
            5
        ]
    }
},
{
    "model": "inventory.product",
    "pk": 12,
    "fields": {
        "product_id": "baseball",
        "name": "baseball",
        "price": "15.00",
        "quantity": 1,
        "popularity_score": 1,
        "created_at": "2024-10-29T20:53:06.378Z",
        "categories": [
            5,
            6
        ]
    }
},
{
    "model": "inventory.product",
    "pk": 13,
    "fields": {
        "product_id": "jet_ski",
        "name": "jet ski",
        "price": "10000.00",
        "quantity": 3,
        "popularity_score": 0,
        "created_at": "2024-10-29T20:53:41Z",
        "categories": [
            1,
            4,
            5
        ]
    }
},
{
    "model": "inventory.product",
    "pk": 14,
    "fields": {
        "product_id": "ZapYybmZKr",
        "name": "stationary",
        "price": "10.00",
        "quantity": 24,
        "popularity_score": 80,
        "created_at": "2024-10-29T20:54:06.723Z",
        "categories": [
            4,
            5
        ]
    }
},
{
    "model": "inventory.product",
    "pk": 15,
    "fields": {
        "product_id": "lIKpnTr2if",
        "name": "scrum cap",
        "price": "15.00",
        "quantity": 1,
        "popularity_score": 1,
        "created_at": "2024-10-29T20:55:13.451Z",
        "categories": [
            5,
            6
        ]
    }
}
]
